firstName,lastName,email
Alice,Johnson,alice.johnson@yahoo.com
Bob,Smith,bob.smith@gmail.com
Charlie,Brown,charlie.brown@gmail.com
David,White,david.white@yahoo.com
Emily,Davis,emily.davis@outlook.com
Frank,Miller,frank.miller@yahoo.com
Grace,Wilson,grace.wilson@outlook.com
Henry,Taylor,henry.taylor@example.com
Ivy,Lee,ivy.lee@gmail.com
Jack,Harris,jack.harris@example.com
Kelly,Moore,kelly.moore@gmail.com
Liam,Davis,liam.davis@outlook.com
Mia,Johnson,mia.johnson@example.com
Noah,Wilson,noah.wilson@example.com
Olivia,Smith,olivia.smith@gmail.com
Paul,Miller,paul.miller@outlook.com
Quinn,Taylor,quinn.taylor@outlook.com
Ryan,White,ryan.white@example.com
Sophia,Brown,sophia.brown@yahoo.com
Tyler,Lee,tyler.lee@gmail.com
